{
  "_Comment": {
    "SpawnRate": "Spawn rate",
    "IsEnabled": "Is fluid enabled",
    "WorldCooldown": "Cooldown if cow milk in world (not in stall)",
    "StallCooldown": "Cooldown if cow milk from Stall",
    "BreedingChance": "Chance to breeding cow from first \u0026 second parent",
    "Parent First": "First parent to fluid (empty is disable) example usage: \"lava\" \"water\"",
    "Parent Second": "Second parent to fluid (empty is disable) example usage: \"lava\" \"water\"",
    "BreedingCooldown": "How many ticks it takes before the cow can breed again",
    "GrowingAge": "How many ticks it takes for the baby cow to grow up",
    "Tip#1": "Cow rewards? Yes! Set enable to true, rate to zero, remove parents and make recipe with CraftTweaker!",
    "Tip#2": "Only breeding cow? Yes! Set enable to true, rate to zero and add parents!"
  },
  "electrum": {
    "SpawnRate": 0,
    "IsEnabled": true,
    "WorldCooldown": 17000,
    "StallCooldown": 16000,
    "BreedingChance": 30,
    "Parent First": "silver",
    "Parent Second": "gold",
    "BreedingCooldown": 8000,
    "GrowingAge": -24000
  },
  "purifying_fluid": {
    "SpawnRate": 0,
    "IsEnabled": false,
    "WorldCooldown": 4000,
    "StallCooldown": 4000,
    "BreedingChance": 30,
    "Parent First": "",
    "Parent Second": "",
    "BreedingCooldown": 6000,
    "GrowingAge": -24000
  },
  "empoweredoil": {
    "SpawnRate": 0,
    "IsEnabled": false,
    "WorldCooldown": 4000,
    "StallCooldown": 4000,
    "BreedingChance": 30,
    "Parent First": "",
    "Parent Second": "",
    "BreedingCooldown": 6000,
    "GrowingAge": -24000
  },
  "if.ore_fluid_fermented": {
    "SpawnRate": 0,
    "IsEnabled": false,
    "WorldCooldown": 4000,
    "StallCooldown": 4000,
    "BreedingChance": 30,
    "Parent First": "",
    "Parent Second": "",
    "BreedingCooldown": 6000,
    "GrowingAge": -24000
  },
  "bronze": {
    "SpawnRate": 0,
    "IsEnabled": true,
    "WorldCooldown": 13000,
    "StallCooldown": 12000,
    "BreedingChance": 30,
    "Parent First": "copper",
    "Parent Second": "tin",
    "BreedingCooldown": 6000,
    "GrowingAge": -24000
  },
  "osmiridium": {
    "SpawnRate": 0,
    "IsEnabled": false,
    "WorldCooldown": 4000,
    "StallCooldown": 4000,
    "BreedingChance": 30,
    "Parent First": "",
    "Parent Second": "",
    "BreedingCooldown": 6000,
    "GrowingAge": -24000
  },
  "witchwater": {
    "SpawnRate": 0,
    "IsEnabled": false,
    "WorldCooldown": 4000,
    "StallCooldown": 4000,
    "BreedingChance": 30,
    "Parent First": "",
    "Parent Second": "",
    "BreedingCooldown": 6000,
    "GrowingAge": -24000
  },
  "fuel_mixed_heavy_heat_2": {
    "SpawnRate": 0,
    "IsEnabled": false,
    "WorldCooldown": 4000,
    "StallCooldown": 4000,
    "BreedingChance": 30,
    "Parent First": "",
    "Parent Second": "",
    "BreedingCooldown": 6000,
    "GrowingAge": -24000
  },
  "rocket_fuel": {
    "SpawnRate": 0,
    "IsEnabled": false,
    "WorldCooldown": 4000,
    "StallCooldown": 4000,
    "BreedingChance": 30,
    "Parent First": "",
    "Parent Second": "",
    "BreedingCooldown": 6000,
    "GrowingAge": -24000
  },
  "purpleslime": {
    "SpawnRate": 0,
    "IsEnabled": true,
    "WorldCooldown": 9000,
    "StallCooldown": 8500,
    "BreedingChance": 50,
    "Parent First": "obsidian",
    "Parent Second": "blueslime",
    "BreedingCooldown": 6000,
    "GrowingAge": -24000
  },
  "crude_oil": {
    "SpawnRate": 0,
    "IsEnabled": false,
    "WorldCooldown": 4000,
    "StallCooldown": 4000,
    "BreedingChance": 30,
    "Parent First": "",
    "Parent Second": "",
    "BreedingCooldown": 6000,
    "GrowingAge": -24000
  },
  "dark_steel": {
    "SpawnRate": 0,
    "IsEnabled": true,
    "WorldCooldown": 9000,
    "StallCooldown": 8500,
    "BreedingChance": 30,
    "Parent First": "coal",
    "Parent Second": "steel",
    "BreedingCooldown": 6000,
    "GrowingAge": -24000
  },
  "constantan": {
    "SpawnRate": 0,
    "IsEnabled": false,
    "WorldCooldown": 4000,
    "StallCooldown": 4000,
    "BreedingChance": 30,
    "Parent First": "",
    "Parent Second": "",
    "BreedingCooldown": 6000,
    "GrowingAge": -24000
  },
  "brass": {
    "SpawnRate": 0,
    "IsEnabled": false,
    "WorldCooldown": 4000,
    "StallCooldown": 4000,
    "BreedingChance": 30,
    "Parent First": "",
    "Parent Second": "",
    "BreedingCooldown": 6000,
    "GrowingAge": -24000
  },
  "if.pink_slime": {
    "SpawnRate": 0,
    "IsEnabled": true,
    "WorldCooldown": 9000,
    "StallCooldown": 8500,
    "BreedingChance": 50,
    "Parent First": "purpleslime",
    "Parent Second": "milk",
    "BreedingCooldown": 6000,
    "GrowingAge": -24000
  },
  "yellorium": {
    "SpawnRate": 0,
    "IsEnabled": false,
    "WorldCooldown": 4000,
    "StallCooldown": 4000,
    "BreedingChance": 30,
    "Parent First": "",
    "Parent Second": "",
    "BreedingCooldown": 6000,
    "GrowingAge": -24000
  },
  "aerotheum": {
    "SpawnRate": 0,
    "IsEnabled": true,
    "WorldCooldown": 20000,
    "StallCooldown": 18000,
    "BreedingChance": 30,
    "Parent First": "redstone",
    "Parent Second": "experience",
    "BreedingCooldown": 10000,
    "GrowingAge": -24000
  },
  "redstone_alloy": {
    "SpawnRate": 0,
    "IsEnabled": false,
    "WorldCooldown": 4000,
    "StallCooldown": 4000,
    "BreedingChance": 30,
    "Parent First": "",
    "Parent Second": "",
    "BreedingCooldown": 6000,
    "GrowingAge": -24000
  },
  "oil_heavy": {
    "SpawnRate": 0,
    "IsEnabled": false,
    "WorldCooldown": 4000,
    "StallCooldown": 4000,
    "BreedingChance": 30,
    "Parent First": "",
    "Parent Second": "",
    "BreedingCooldown": 6000,
    "GrowingAge": -24000
  },
  "thaumium": {
    "SpawnRate": 0,
    "IsEnabled": false,
    "WorldCooldown": 4000,
    "StallCooldown": 4000,
    "BreedingChance": 30,
    "Parent First": "",
    "Parent Second": "",
    "BreedingCooldown": 6000,
    "GrowingAge": -24000
  },
  "silver": {
    "SpawnRate": 0,
    "IsEnabled": true,
    "WorldCooldown": 13000,
    "StallCooldown": 12000,
    "BreedingChance": 30,
    "Parent First": "iron",
    "Parent Second": "lead",
    "BreedingCooldown": 6000,
    "GrowingAge": -24000
  },
  "oil_heat_1": {
    "SpawnRate": 0,
    "IsEnabled": false,
    "WorldCooldown": 4000,
    "StallCooldown": 4000,
    "BreedingChance": 30,
    "Parent First": "",
    "Parent Second": "",
    "BreedingCooldown": 6000,
    "GrowingAge": -24000
  },
  "cloud_seed_concentrated": {
    "SpawnRate": 0,
    "IsEnabled": false,
    "WorldCooldown": 4000,
    "StallCooldown": 4000,
    "BreedingChance": 30,
    "Parent First": "",
    "Parent Second": "",
    "BreedingCooldown": 6000,
    "GrowingAge": -24000
  },
  "hootch": {
    "SpawnRate": 0,
    "IsEnabled": false,
    "WorldCooldown": 4000,
    "StallCooldown": 4000,
    "BreedingChance": 30,
    "Parent First": "",
    "Parent Second": "",
    "BreedingCooldown": 6000,
    "GrowingAge": -24000
  },
  "refined_fuel": {
    "SpawnRate": 0,
    "IsEnabled": false,
    "WorldCooldown": 4000,
    "StallCooldown": 4000,
    "BreedingChance": 30,
    "Parent First": "",
    "Parent Second": "",
    "BreedingCooldown": 6000,
    "GrowingAge": -24000
  },
  "supremium": {
    "SpawnRate": 0,
    "IsEnabled": false,
    "WorldCooldown": 4000,
    "StallCooldown": 4000,
    "BreedingChance": 30,
    "Parent First": "",
    "Parent Second": "",
    "BreedingCooldown": 6000,
    "GrowingAge": -24000
  },
  "soulium": {
    "SpawnRate": 0,
    "IsEnabled": false,
    "WorldCooldown": 4000,
    "StallCooldown": 4000,
    "BreedingChance": 30,
    "Parent First": "",
    "Parent Second": "",
    "BreedingCooldown": 6000,
    "GrowingAge": -24000
  },
  "refinedglowstone": {
    "SpawnRate": 0,
    "IsEnabled": false,
    "WorldCooldown": 4000,
    "StallCooldown": 4000,
    "BreedingChance": 30,
    "Parent First": "",
    "Parent Second": "",
    "BreedingCooldown": 6000,
    "GrowingAge": -24000
  },
  "plantoil": {
    "SpawnRate": 0,
    "IsEnabled": false,
    "WorldCooldown": 4000,
    "StallCooldown": 4000,
    "BreedingChance": 30,
    "Parent First": "",
    "Parent Second": "",
    "BreedingCooldown": 6000,
    "GrowingAge": -24000
  },
  "signalum": {
    "SpawnRate": 0,
    "IsEnabled": true,
    "WorldCooldown": 17000,
    "StallCooldown": 16000,
    "BreedingChance": 30,
    "Parent First": "copper",
    "Parent Second": "redstone",
    "BreedingCooldown": 8000,
    "GrowingAge": -24000
  },
  "vasholine": {
    "SpawnRate": 0,
    "IsEnabled": false,
    "WorldCooldown": 4000,
    "StallCooldown": 4000,
    "BreedingChance": 30,
    "Parent First": "",
    "Parent Second": "",
    "BreedingCooldown": 6000,
    "GrowingAge": -24000
  },
  "knightslime": {
    "SpawnRate": 0,
    "IsEnabled": true,
    "WorldCooldown": 17000,
    "StallCooldown": 16000,
    "BreedingChance": 30,
    "Parent First": "purpleslime",
    "Parent Second": "redstone",
    "BreedingCooldown": 8000,
    "GrowingAge": -24000
  },
  "psimetal": {
    "SpawnRate": 0,
    "IsEnabled": false,
    "WorldCooldown": 4000,
    "StallCooldown": 4000,
    "BreedingChance": 30,
    "Parent First": "",
    "Parent Second": "",
    "BreedingCooldown": 6000,
    "GrowingAge": -24000
  },
  "cloud_seed": {
    "SpawnRate": 0,
    "IsEnabled": false,
    "WorldCooldown": 4000,
    "StallCooldown": 4000,
    "BreedingChance": 30,
    "Parent First": "",
    "Parent Second": "",
    "BreedingCooldown": 6000,
    "GrowingAge": -24000
  },
  "vibrant_alloy": {
    "SpawnRate": 0,
    "IsEnabled": false,
    "WorldCooldown": 4000,
    "StallCooldown": 4000,
    "BreedingChance": 30,
    "Parent First": "",
    "Parent Second": "",
    "BreedingCooldown": 6000,
    "GrowingAge": -24000
  },
  "experience": {
    "SpawnRate": 0,
    "IsEnabled": true,
    "WorldCooldown": 17000,
    "StallCooldown": 16000,
    "BreedingChance": 30,
    "Parent First": "gold",
    "Parent Second": "ender",
    "BreedingCooldown": 8000,
    "GrowingAge": -24000
  },
  "vapor_of_levity": {
    "SpawnRate": 0,
    "IsEnabled": false,
    "WorldCooldown": 4000,
    "StallCooldown": 4000,
    "BreedingChance": 30,
    "Parent First": "",
    "Parent Second": "",
    "BreedingCooldown": 6000,
    "GrowingAge": -24000
  },
  "cryotheum": {
    "SpawnRate": 0,
    "IsEnabled": true,
    "WorldCooldown": 18000,
    "StallCooldown": 16000,
    "BreedingChance": 30,
    "Parent First": "redstone",
    "Parent Second": "water",
    "BreedingCooldown": 9000,
    "GrowingAge": -24000
  },
  "mirion": {
    "SpawnRate": 0,
    "IsEnabled": false,
    "WorldCooldown": 4000,
    "StallCooldown": 4000,
    "BreedingChance": 30,
    "Parent First": "",
    "Parent Second": "",
    "BreedingCooldown": 6000,
    "GrowingAge": -24000
  },
  "milk": {
    "SpawnRate": 0,
    "IsEnabled": true,
    "WorldCooldown": 4000,
    "StallCooldown": 3500,
    "BreedingChance": 30,
    "Parent First": "",
    "Parent Second": "",
    "BreedingCooldown": 6000,
    "GrowingAge": -24000
  },
  "fuel_light_heat_2": {
    "SpawnRate": 0,
    "IsEnabled": false,
    "WorldCooldown": 4000,
    "StallCooldown": 4000,
    "BreedingChance": 30,
    "Parent First": "",
    "Parent Second": "",
    "BreedingCooldown": 6000,
    "GrowingAge": -24000
  },
  "fuel_mixed_heavy": {
    "SpawnRate": 0,
    "IsEnabled": false,
    "WorldCooldown": 4000,
    "StallCooldown": 4000,
    "BreedingChance": 30,
    "Parent First": "",
    "Parent Second": "",
    "BreedingCooldown": 6000,
    "GrowingAge": -24000
  },
  "biodiesel": {
    "SpawnRate": 0,
    "IsEnabled": false,
    "WorldCooldown": 4000,
    "StallCooldown": 4000,
    "BreedingChance": 30,
    "Parent First": "",
    "Parent Second": "",
    "BreedingCooldown": 6000,
    "GrowingAge": -24000
  },
  "concrete": {
    "SpawnRate": 0,
    "IsEnabled": false,
    "WorldCooldown": 4000,
    "StallCooldown": 4000,
    "BreedingChance": 30,
    "Parent First": "",
    "Parent Second": "",
    "BreedingCooldown": 6000,
    "GrowingAge": -24000
  },
  "oil_heat_2": {
    "SpawnRate": 0,
    "IsEnabled": false,
    "WorldCooldown": 4000,
    "StallCooldown": 4000,
    "BreedingChance": 30,
    "Parent First": "",
    "Parent Second": "",
    "BreedingCooldown": 6000,
    "GrowingAge": -24000
  },
  "fuel_dense_heat_2": {
    "SpawnRate": 0,
    "IsEnabled": false,
    "WorldCooldown": 4000,
    "StallCooldown": 4000,
    "BreedingChance": 30,
    "Parent First": "",
    "Parent Second": "",
    "BreedingCooldown": 6000,
    "GrowingAge": -24000
  },
  "lava": {
    "SpawnRate": 0,
    "IsEnabled": true,
    "WorldCooldown": 4000,
    "StallCooldown": 3500,
    "BreedingChance": 30,
    "Parent First": "",
    "Parent Second": "",
    "BreedingCooldown": 6000,
    "GrowingAge": -24000
  },
  "stellar_alloy": {
    "SpawnRate": 0,
    "IsEnabled": true,
    "WorldCooldown": 152000,
    "StallCooldown": 136000,
    "BreedingChance": 2,
    "Parent First": "melodic_alloy",
    "Parent Second": "liquid_death",
    "BreedingCooldown": 68000,
    "GrowingAge": -24000
  },
  "cyanite": {
    "SpawnRate": 0,
    "IsEnabled": false,
    "WorldCooldown": 4000,
    "StallCooldown": 4000,
    "BreedingChance": 30,
    "Parent First": "",
    "Parent Second": "",
    "BreedingCooldown": 6000,
    "GrowingAge": -24000
  },
  "mushroom_stew": {
    "SpawnRate": 0,
    "IsEnabled": false,
    "WorldCooldown": 4000,
    "StallCooldown": 4000,
    "BreedingChance": 30,
    "Parent First": "",
    "Parent Second": "",
    "BreedingCooldown": 6000,
    "GrowingAge": -24000
  },
  "liquid_death": {
    "SpawnRate": 0,
    "IsEnabled": true,
    "WorldCooldown": 38000,
    "StallCooldown": 34000,
    "BreedingChance": 3,
    "Parent First": "vivid_alloy",
    "Parent Second": "knightslime",
    "BreedingCooldown": 17000,
    "GrowingAge": -24000
  },
  "crude_steel": {
    "SpawnRate": 0,
    "IsEnabled": true,
    "WorldCooldown": 9000,
    "StallCooldown": 8500,
    "BreedingChance": 50,
    "Parent First": "stone",
    "Parent Second": "clay",
    "BreedingCooldown": 6000,
    "GrowingAge": -24000
  },
  "iron": {
    "SpawnRate": 0,
    "IsEnabled": true,
    "WorldCooldown": 13000,
    "StallCooldown": 12000,
    "BreedingChance": 30,
    "Parent First": "coal",
    "Parent Second": "clay",
    "BreedingCooldown": 6000,
    "GrowingAge": -24000
  },
  "sap": {
    "SpawnRate": 0,
    "IsEnabled": false,
    "WorldCooldown": 4000,
    "StallCooldown": 4000,
    "BreedingChance": 30,
    "Parent First": "",
    "Parent Second": "",
    "BreedingCooldown": 6000,
    "GrowingAge": -24000
  },
  "blueslime": {
    "SpawnRate": 0,
    "IsEnabled": true,
    "WorldCooldown": 6000,
    "StallCooldown": 6500,
    "BreedingChance": 50,
    "Parent First": "milk",
    "Parent Second": "water",
    "BreedingCooldown": 6000,
    "GrowingAge": -24000
  },
  "construction_alloy": {
    "SpawnRate": 0,
    "IsEnabled": false,
    "WorldCooldown": 4000,
    "StallCooldown": 4000,
    "BreedingChance": 30,
    "Parent First": "",
    "Parent Second": "",
    "BreedingCooldown": 6000,
    "GrowingAge": -24000
  },
  "if.protein": {
    "SpawnRate": 0,
    "IsEnabled": false,
    "WorldCooldown": 4000,
    "StallCooldown": 4000,
    "BreedingChance": 30,
    "Parent First": "",
    "Parent Second": "",
    "BreedingCooldown": 6000,
    "GrowingAge": -24000
  },
  "fuel_gaseous": {
    "SpawnRate": 0,
    "IsEnabled": false,
    "WorldCooldown": 4000,
    "StallCooldown": 4000,
    "BreedingChance": 30,
    "Parent First": "",
    "Parent Second": "",
    "BreedingCooldown": 6000,
    "GrowingAge": -24000
  },
  "fuel_mixed_heavy_heat_1": {
    "SpawnRate": 0,
    "IsEnabled": false,
    "WorldCooldown": 4000,
    "StallCooldown": 4000,
    "BreedingChance": 30,
    "Parent First": "",
    "Parent Second": "",
    "BreedingCooldown": 6000,
    "GrowingAge": -24000
  },
  "biocrude": {
    "SpawnRate": 0,
    "IsEnabled": false,
    "WorldCooldown": 4000,
    "StallCooldown": 4000,
    "BreedingChance": 30,
    "Parent First": "",
    "Parent Second": "",
    "BreedingCooldown": 6000,
    "GrowingAge": -24000
  },
  "oil_residue_heat_1": {
    "SpawnRate": 0,
    "IsEnabled": false,
    "WorldCooldown": 4000,
    "StallCooldown": 4000,
    "BreedingChance": 30,
    "Parent First": "",
    "Parent Second": "",
    "BreedingCooldown": 6000,
    "GrowingAge": -24000
  },
  "energetic_alloy": {
    "SpawnRate": 0,
    "IsEnabled": true,
    "WorldCooldown": 19000,
    "StallCooldown": 17000,
    "BreedingChance": 30,
    "Parent First": "redstone",
    "Parent Second": "gold",
    "BreedingCooldown": 8500,
    "GrowingAge": -24000
  },
  "terrasteel": {
    "SpawnRate": 0,
    "IsEnabled": false,
    "WorldCooldown": 4000,
    "StallCooldown": 4000,
    "BreedingChance": 30,
    "Parent First": "",
    "Parent Second": "",
    "BreedingCooldown": 6000,
    "GrowingAge": -24000
  },
  "xu_evil_metal": {
    "SpawnRate": 0,
    "IsEnabled": true,
    "WorldCooldown": 152000,
    "StallCooldown": 136000,
    "BreedingChance": 2,
    "Parent First": "liquid_death",
    "Parent Second": "iron",
    "BreedingCooldown": 68000,
    "GrowingAge": -24000
  },
  "nutrient_distillation": {
    "SpawnRate": 0,
    "IsEnabled": false,
    "WorldCooldown": 4000,
    "StallCooldown": 4000,
    "BreedingChance": 30,
    "Parent First": "",
    "Parent Second": "",
    "BreedingCooldown": 6000,
    "GrowingAge": -24000
  },
  "invar": {
    "SpawnRate": 0,
    "IsEnabled": true,
    "WorldCooldown": 17000,
    "StallCooldown": 16000,
    "BreedingChance": 30,
    "Parent First": "iron",
    "Parent Second": "nickel",
    "BreedingCooldown": 8000,
    "GrowingAge": -24000
  },
  "oil_heavy_heat_1": {
    "SpawnRate": 0,
    "IsEnabled": false,
    "WorldCooldown": 4000,
    "StallCooldown": 4000,
    "BreedingChance": 30,
    "Parent First": "",
    "Parent Second": "",
    "BreedingCooldown": 6000,
    "GrowingAge": -24000
  },
  "clay": {
    "SpawnRate": 0,
    "IsEnabled": true,
    "WorldCooldown": 6000,
    "StallCooldown": 6500,
    "BreedingChance": 50,
    "Parent First": "water",
    "Parent Second": "stone",
    "BreedingCooldown": 6000,
    "GrowingAge": -24000
  },
  "energetic_silver": {
    "SpawnRate": 0,
    "IsEnabled": true,
    "WorldCooldown": 19000,
    "StallCooldown": 17000,
    "BreedingChance": 10,
    "Parent First": "redstone",
    "Parent Second": "silver",
    "BreedingCooldown": 8500,
    "GrowingAge": -24000
  },
  "vivid_alloy": {
    "SpawnRate": 0,
    "IsEnabled": true,
    "WorldCooldown": 38000,
    "StallCooldown": 34000,
    "BreedingChance": 4,
    "Parent First": "energetic_silver",
    "Parent Second": "ender",
    "BreedingCooldown": 17000,
    "GrowingAge": -24000
  },
  "biofuel": {
    "SpawnRate": 0,
    "IsEnabled": false,
    "WorldCooldown": 4000,
    "StallCooldown": 4000,
    "BreedingChance": 30,
    "Parent First": "",
    "Parent Second": "",
    "BreedingCooldown": 6000,
    "GrowingAge": -24000
  },
  "oil_residue": {
    "SpawnRate": 0,
    "IsEnabled": false,
    "WorldCooldown": 4000,
    "StallCooldown": 4000,
    "BreedingChance": 30,
    "Parent First": "",
    "Parent Second": "",
    "BreedingCooldown": 6000,
    "GrowingAge": -24000
  },
  "base_essence": {
    "SpawnRate": 0,
    "IsEnabled": false,
    "WorldCooldown": 4000,
    "StallCooldown": 4000,
    "BreedingChance": 30,
    "Parent First": "",
    "Parent Second": "",
    "BreedingCooldown": 6000,
    "GrowingAge": -24000
  },
  "oil_dense_heat_2": {
    "SpawnRate": 0,
    "IsEnabled": false,
    "WorldCooldown": 4000,
    "StallCooldown": 4000,
    "BreedingChance": 30,
    "Parent First": "",
    "Parent Second": "",
    "BreedingCooldown": 6000,
    "GrowingAge": -24000
  },
  "enderium": {
    "SpawnRate": 0,
    "IsEnabled": true,
    "WorldCooldown": 17000,
    "StallCooldown": 16000,
    "BreedingChance": 30,
    "Parent First": "lead",
    "Parent Second": "ender",
    "BreedingCooldown": 8000,
    "GrowingAge": -24000
  },
  "manyullyn": {
    "SpawnRate": 0,
    "IsEnabled": false,
    "WorldCooldown": 4000,
    "StallCooldown": 4000,
    "BreedingChance": 30,
    "Parent First": "",
    "Parent Second": "",
    "BreedingCooldown": 6000,
    "GrowingAge": -24000
  },
  "crystaloil": {
    "SpawnRate": 0,
    "IsEnabled": false,
    "WorldCooldown": 4000,
    "StallCooldown": 4000,
    "BreedingChance": 30,
    "Parent First": "",
    "Parent Second": "",
    "BreedingCooldown": 6000,
    "GrowingAge": -24000
  },
  "pigiron": {
    "SpawnRate": 0,
    "IsEnabled": false,
    "WorldCooldown": 4000,
    "StallCooldown": 4000,
    "BreedingChance": 30,
    "Parent First": "",
    "Parent Second": "",
    "BreedingCooldown": 6000,
    "GrowingAge": -24000
  },
  "end_steel": {
    "SpawnRate": 0,
    "IsEnabled": true,
    "WorldCooldown": 11000,
    "StallCooldown": 10000,
    "BreedingChance": 30,
    "Parent First": "dark_steel",
    "Parent Second": "obsidian",
    "BreedingCooldown": 6000,
    "GrowingAge": -24000
  },
  "emerald": {
    "SpawnRate": 0,
    "IsEnabled": false,
    "WorldCooldown": 4000,
    "StallCooldown": 4000,
    "BreedingChance": 30,
    "Parent First": "",
    "Parent Second": "",
    "BreedingCooldown": 6000,
    "GrowingAge": -24000
  },
  "syrup": {
    "SpawnRate": 0,
    "IsEnabled": false,
    "WorldCooldown": 4000,
    "StallCooldown": 4000,
    "BreedingChance": 30,
    "Parent First": "",
    "Parent Second": "",
    "BreedingCooldown": 6000,
    "GrowingAge": -24000
  },
  "steel": {
    "SpawnRate": 0,
    "IsEnabled": true,
    "WorldCooldown": 9000,
    "StallCooldown": 8500,
    "BreedingChance": 30,
    "Parent First": "coal",
    "Parent Second": "iron",
    "BreedingCooldown": 6000,
    "GrowingAge": -24000
  },
  "lumium": {
    "SpawnRate": 0,
    "IsEnabled": true,
    "WorldCooldown": 17000,
    "StallCooldown": 16000,
    "BreedingChance": 30,
    "Parent First": "silver",
    "Parent Second": "tin",
    "BreedingCooldown": 8000,
    "GrowingAge": -24000
  },
  "gold": {
    "SpawnRate": 0,
    "IsEnabled": true,
    "WorldCooldown": 13000,
    "StallCooldown": 12000,
    "BreedingChance": 30,
    "Parent First": "iron",
    "Parent Second": "obsidian",
    "BreedingCooldown": 6000,
    "GrowingAge": -24000
  },
  "osmium": {
    "SpawnRate": 0,
    "IsEnabled": true,
    "WorldCooldown": 16000,
    "StallCooldown": 15000,
    "BreedingChance": 30,
    "Parent First": "nickel",
    "Parent Second": "silver",
    "BreedingCooldown": 7500,
    "GrowingAge": -24000
  },
  "fuel_mixed_light_heat_1": {
    "SpawnRate": 0,
    "IsEnabled": false,
    "WorldCooldown": 4000,
    "StallCooldown": 4000,
    "BreedingChance": 30,
    "Parent First": "",
    "Parent Second": "",
    "BreedingCooldown": 6000,
    "GrowingAge": -24000
  },
  "electrical_steel": {
    "SpawnRate": 0,
    "IsEnabled": false,
    "WorldCooldown": 4000,
    "StallCooldown": 4000,
    "BreedingChance": 30,
    "Parent First": "",
    "Parent Second": "",
    "BreedingCooldown": 6000,
    "GrowingAge": -24000
  },
  "zinc": {
    "SpawnRate": 0,
    "IsEnabled": false,
    "WorldCooldown": 4000,
    "StallCooldown": 4000,
    "BreedingChance": 30,
    "Parent First": "",
    "Parent Second": "",
    "BreedingCooldown": 6000,
    "GrowingAge": -24000
  },
  "platinum": {
    "SpawnRate": 0,
    "IsEnabled": true,
    "WorldCooldown": 11000,
    "StallCooldown": 10000,
    "BreedingChance": 50,
    "Parent First": "iron",
    "Parent Second": "blueslime",
    "BreedingCooldown": 6000,
    "GrowingAge": -24000
  },
  "xu_demonic_metal": {
    "SpawnRate": 0,
    "IsEnabled": true,
    "WorldCooldown": 15000,
    "StallCooldown": 13000,
    "BreedingChance": 30,
    "Parent First": "lava",
    "Parent Second": "gold",
    "BreedingCooldown": 6000,
    "GrowingAge": -24000
  },
  "blood": {
    "SpawnRate": 0,
    "IsEnabled": false,
    "WorldCooldown": 4000,
    "StallCooldown": 4000,
    "BreedingChance": 30,
    "Parent First": "",
    "Parent Second": "",
    "BreedingCooldown": 6000,
    "GrowingAge": -24000
  },
  "liquid_fertilizer": {
    "SpawnRate": 0,
    "IsEnabled": false,
    "WorldCooldown": 4000,
    "StallCooldown": 4000,
    "BreedingChance": 30,
    "Parent First": "",
    "Parent Second": "",
    "BreedingCooldown": 6000,
    "GrowingAge": -24000
  },
  "potion_splash": {
    "SpawnRate": 0,
    "IsEnabled": false,
    "WorldCooldown": 4000,
    "StallCooldown": 4000,
    "BreedingChance": 30,
    "Parent First": "",
    "Parent Second": "",
    "BreedingCooldown": 6000,
    "GrowingAge": -24000
  },
  "alubrass": {
    "SpawnRate": 0,
    "IsEnabled": true,
    "WorldCooldown": 14000,
    "StallCooldown": 13000,
    "BreedingChance": 30,
    "Parent First": "copper",
    "Parent Second": "aluminum",
    "BreedingCooldown": 6500,
    "GrowingAge": -24000
  },
  "sludge": {
    "SpawnRate": 0,
    "IsEnabled": false,
    "WorldCooldown": 4000,
    "StallCooldown": 4000,
    "BreedingChance": 30,
    "Parent First": "",
    "Parent Second": "",
    "BreedingCooldown": 6000,
    "GrowingAge": -24000
  },
  "oil_distilled": {
    "SpawnRate": 0,
    "IsEnabled": false,
    "WorldCooldown": 4000,
    "StallCooldown": 4000,
    "BreedingChance": 30,
    "Parent First": "",
    "Parent Second": "",
    "BreedingCooldown": 6000,
    "GrowingAge": -24000
  },
  "liquid_sunshine": {
    "SpawnRate": 0,
    "IsEnabled": false,
    "WorldCooldown": 4000,
    "StallCooldown": 4000,
    "BreedingChance": 30,
    "Parent First": "",
    "Parent Second": "",
    "BreedingCooldown": 6000,
    "GrowingAge": -24000
  },
  "prudentium": {
    "SpawnRate": 0,
    "IsEnabled": false,
    "WorldCooldown": 4000,
    "StallCooldown": 4000,
    "BreedingChance": 30,
    "Parent First": "",
    "Parent Second": "",
    "BreedingCooldown": 6000,
    "GrowingAge": -24000
  },
  "ardite": {
    "SpawnRate": 0,
    "IsEnabled": false,
    "WorldCooldown": 4000,
    "StallCooldown": 4000,
    "BreedingChance": 30,
    "Parent First": "",
    "Parent Second": "",
    "BreedingCooldown": 6000,
    "GrowingAge": -24000
  },
  "canolaoil": {
    "SpawnRate": 0,
    "IsEnabled": false,
    "WorldCooldown": 4000,
    "StallCooldown": 4000,
    "BreedingChance": 30,
    "Parent First": "",
    "Parent Second": "",
    "BreedingCooldown": 6000,
    "GrowingAge": -24000
  },
  "pyrotheum": {
    "SpawnRate": 0,
    "IsEnabled": true,
    "WorldCooldown": 18000,
    "StallCooldown": 16000,
    "BreedingChance": 30,
    "Parent First": "redstone",
    "Parent Second": "xu_demonic_metal",
    "BreedingCooldown": 9000,
    "GrowingAge": -24000
  },
  "fuel_gaseous_heat_1": {
    "SpawnRate": 0,
    "IsEnabled": false,
    "WorldCooldown": 4000,
    "StallCooldown": 4000,
    "BreedingChance": 30,
    "Parent First": "",
    "Parent Second": "",
    "BreedingCooldown": 6000,
    "GrowingAge": -24000
  },
  "liquidlithium": {
    "SpawnRate": 0,
    "IsEnabled": false,
    "WorldCooldown": 4000,
    "StallCooldown": 4000,
    "BreedingChance": 30,
    "Parent First": "",
    "Parent Second": "",
    "BreedingCooldown": 6000,
    "GrowingAge": -24000
  },
  "obsidian": {
    "SpawnRate": 0,
    "IsEnabled": true,
    "WorldCooldown": 6000,
    "StallCooldown": 6500,
    "BreedingChance": 50,
    "Parent First": "water",
    "Parent Second": "lava",
    "BreedingCooldown": 6000,
    "GrowingAge": -24000
  },
  "potion_lingering": {
    "SpawnRate": 0,
    "IsEnabled": false,
    "WorldCooldown": 4000,
    "StallCooldown": 4000,
    "BreedingChance": 30,
    "Parent First": "",
    "Parent Second": "",
    "BreedingCooldown": 6000,
    "GrowingAge": -24000
  },
  "fuel_mixed_light_heat_2": {
    "SpawnRate": 0,
    "IsEnabled": false,
    "WorldCooldown": 4000,
    "StallCooldown": 4000,
    "BreedingChance": 30,
    "Parent First": "",
    "Parent Second": "",
    "BreedingCooldown": 6000,
    "GrowingAge": -24000
  },
  "coal": {
    "SpawnRate": 0,
    "IsEnabled": true,
    "WorldCooldown": 6000,
    "StallCooldown": 6500,
    "BreedingChance": 50,
    "Parent First": "stone",
    "Parent Second": "lava",
    "BreedingCooldown": 6000,
    "GrowingAge": -24000
  },
  "refinedobsidian": {
    "SpawnRate": 0,
    "IsEnabled": false,
    "WorldCooldown": 4000,
    "StallCooldown": 4000,
    "BreedingChance": 30,
    "Parent First": "",
    "Parent Second": "",
    "BreedingCooldown": 6000,
    "GrowingAge": -24000
  },
  "essence": {
    "SpawnRate": 0,
    "IsEnabled": false,
    "WorldCooldown": 4000,
    "StallCooldown": 4000,
    "BreedingChance": 30,
    "Parent First": "",
    "Parent Second": "",
    "BreedingCooldown": 6000,
    "GrowingAge": -24000
  },
  "dirt": {
    "SpawnRate": 0,
    "IsEnabled": false,
    "WorldCooldown": 4000,
    "StallCooldown": 4000,
    "BreedingChance": 30,
    "Parent First": "",
    "Parent Second": "",
    "BreedingCooldown": 6000,
    "GrowingAge": -24000
  },
  "aluminum": {
    "SpawnRate": 0,
    "IsEnabled": true,
    "WorldCooldown": 13000,
    "StallCooldown": 12000,
    "BreedingChance": 30,
    "Parent First": "if.pink_slime",
    "Parent Second": "tin",
    "BreedingCooldown": 6000,
    "GrowingAge": -24000
  },
  "ethanol": {
    "SpawnRate": 0,
    "IsEnabled": false,
    "WorldCooldown": 4000,
    "StallCooldown": 4000,
    "BreedingChance": 30,
    "Parent First": "",
    "Parent Second": "",
    "BreedingCooldown": 6000,
    "GrowingAge": -24000
  },
  "fuel_dense": {
    "SpawnRate": 0,
    "IsEnabled": false,
    "WorldCooldown": 4000,
    "StallCooldown": 4000,
    "BreedingChance": 30,
    "Parent First": "",
    "Parent Second": "",
    "BreedingCooldown": 6000,
    "GrowingAge": -24000
  },
  "alumite": {
    "SpawnRate": 0,
    "IsEnabled": false,
    "WorldCooldown": 4000,
    "StallCooldown": 4000,
    "BreedingChance": 30,
    "Parent First": "",
    "Parent Second": "",
    "BreedingCooldown": 6000,
    "GrowingAge": -24000
  },
  "if.ore_fluid_raw": {
    "SpawnRate": 0,
    "IsEnabled": false,
    "WorldCooldown": 4000,
    "StallCooldown": 4000,
    "BreedingChance": 30,
    "Parent First": "",
    "Parent Second": "",
    "BreedingCooldown": 6000,
    "GrowingAge": -24000
  },
  "latex": {
    "SpawnRate": 0,
    "IsEnabled": false,
    "WorldCooldown": 4000,
    "StallCooldown": 4000,
    "BreedingChance": 30,
    "Parent First": "",
    "Parent Second": "",
    "BreedingCooldown": 6000,
    "GrowingAge": -24000
  },
  "mana": {
    "SpawnRate": 0,
    "IsEnabled": false,
    "WorldCooldown": 4000,
    "StallCooldown": 4000,
    "BreedingChance": 30,
    "Parent First": "",
    "Parent Second": "",
    "BreedingCooldown": 6000,
    "GrowingAge": -24000
  },
  "refinedcanolaoil": {
    "SpawnRate": 0,
    "IsEnabled": false,
    "WorldCooldown": 4000,
    "StallCooldown": 4000,
    "BreedingChance": 30,
    "Parent First": "",
    "Parent Second": "",
    "BreedingCooldown": 6000,
    "GrowingAge": -24000
  },
  "oil_dense": {
    "SpawnRate": 0,
    "IsEnabled": false,
    "WorldCooldown": 4000,
    "StallCooldown": 4000,
    "BreedingChance": 30,
    "Parent First": "",
    "Parent Second": "",
    "BreedingCooldown": 6000,
    "GrowingAge": -24000
  },
  "fuel_gaseous_heat_2": {
    "SpawnRate": 0,
    "IsEnabled": false,
    "WorldCooldown": 4000,
    "StallCooldown": 4000,
    "BreedingChance": 30,
    "Parent First": "",
    "Parent Second": "",
    "BreedingCooldown": 6000,
    "GrowingAge": -24000
  },
  "fuel_light_heat_1": {
    "SpawnRate": 0,
    "IsEnabled": false,
    "WorldCooldown": 4000,
    "StallCooldown": 4000,
    "BreedingChance": 30,
    "Parent First": "",
    "Parent Second": "",
    "BreedingCooldown": 6000,
    "GrowingAge": -24000
  },
  "heavywater": {
    "SpawnRate": 0,
    "IsEnabled": false,
    "WorldCooldown": 4000,
    "StallCooldown": 4000,
    "BreedingChance": 30,
    "Parent First": "",
    "Parent Second": "",
    "BreedingCooldown": 6000,
    "GrowingAge": -24000
  },
  "osgloglas": {
    "SpawnRate": 0,
    "IsEnabled": false,
    "WorldCooldown": 4000,
    "StallCooldown": 4000,
    "BreedingChance": 30,
    "Parent First": "",
    "Parent Second": "",
    "BreedingCooldown": 6000,
    "GrowingAge": -24000
  },
  "creosote": {
    "SpawnRate": 0,
    "IsEnabled": false,
    "WorldCooldown": 4000,
    "StallCooldown": 4000,
    "BreedingChance": 30,
    "Parent First": "",
    "Parent Second": "",
    "BreedingCooldown": 6000,
    "GrowingAge": -24000
  },
  "lead": {
    "SpawnRate": 0,
    "IsEnabled": true,
    "WorldCooldown": 13000,
    "StallCooldown": 12000,
    "BreedingChance": 30,
    "Parent First": "iron",
    "Parent Second": "purpleslime",
    "BreedingCooldown": 6000,
    "GrowingAge": -24000
  },
  "cobalt": {
    "SpawnRate": 0,
    "IsEnabled": false,
    "WorldCooldown": 4000,
    "StallCooldown": 4000,
    "BreedingChance": 30,
    "Parent First": "",
    "Parent Second": "",
    "BreedingCooldown": 6000,
    "GrowingAge": -24000
  },
  "redstone": {
    "SpawnRate": 0,
    "IsEnabled": true,
    "WorldCooldown": 17000,
    "StallCooldown": 16000,
    "BreedingChance": 30,
    "Parent First": "stone",
    "Parent Second": "xu_demonic_metal",
    "BreedingCooldown": 8000,
    "GrowingAge": -24000
  },
  "stone": {
    "SpawnRate": 0,
    "IsEnabled": true,
    "WorldCooldown": 4000,
    "StallCooldown": 3500,
    "BreedingChance": 30,
    "Parent First": "",
    "Parent Second": "",
    "BreedingCooldown": 6000,
    "GrowingAge": -24000
  },
  "oil_dense_heat_1": {
    "SpawnRate": 0,
    "IsEnabled": false,
    "WorldCooldown": 4000,
    "StallCooldown": 4000,
    "BreedingChance": 30,
    "Parent First": "",
    "Parent Second": "",
    "BreedingCooldown": 6000,
    "GrowingAge": -24000
  },
  "tin": {
    "SpawnRate": 0,
    "IsEnabled": true,
    "WorldCooldown": 13000,
    "StallCooldown": 12000,
    "BreedingChance": 30,
    "Parent First": "clay",
    "Parent Second": "iron",
    "BreedingCooldown": 6000,
    "GrowingAge": -24000
  },
  "tree_oil": {
    "SpawnRate": 0,
    "IsEnabled": false,
    "WorldCooldown": 4000,
    "StallCooldown": 4000,
    "BreedingChance": 30,
    "Parent First": "",
    "Parent Second": "",
    "BreedingCooldown": 6000,
    "GrowingAge": -24000
  },
  "uranium": {
    "SpawnRate": 0,
    "IsEnabled": false,
    "WorldCooldown": 4000,
    "StallCooldown": 4000,
    "BreedingChance": 30,
    "Parent First": "",
    "Parent Second": "",
    "BreedingCooldown": 6000,
    "GrowingAge": -24000
  },
  "inferium": {
    "SpawnRate": 0,
    "IsEnabled": false,
    "WorldCooldown": 4000,
    "StallCooldown": 4000,
    "BreedingChance": 30,
    "Parent First": "",
    "Parent Second": "",
    "BreedingCooldown": 6000,
    "GrowingAge": -24000
  },
  "ender_distillation": {
    "SpawnRate": 0,
    "IsEnabled": false,
    "WorldCooldown": 4000,
    "StallCooldown": 4000,
    "BreedingChance": 30,
    "Parent First": "",
    "Parent Second": "",
    "BreedingCooldown": 6000,
    "GrowingAge": -24000
  },
  "fire_water": {
    "SpawnRate": 0,
    "IsEnabled": false,
    "WorldCooldown": 4000,
    "StallCooldown": 4000,
    "BreedingChance": 30,
    "Parent First": "",
    "Parent Second": "",
    "BreedingCooldown": 6000,
    "GrowingAge": -24000
  },
  "elementium": {
    "SpawnRate": 0,
    "IsEnabled": false,
    "WorldCooldown": 4000,
    "StallCooldown": 4000,
    "BreedingChance": 30,
    "Parent First": "",
    "Parent Second": "",
    "BreedingCooldown": 6000,
    "GrowingAge": -24000
  },
  "fuel_light": {
    "SpawnRate": 0,
    "IsEnabled": false,
    "WorldCooldown": 4000,
    "StallCooldown": 4000,
    "BreedingChance": 30,
    "Parent First": "",
    "Parent Second": "",
    "BreedingCooldown": 6000,
    "GrowingAge": -24000
  },
  "soularium": {
    "SpawnRate": 0,
    "IsEnabled": false,
    "WorldCooldown": 4000,
    "StallCooldown": 4000,
    "BreedingChance": 30,
    "Parent First": "",
    "Parent Second": "",
    "BreedingCooldown": 6000,
    "GrowingAge": -24000
  },
  "seed_oil": {
    "SpawnRate": 0,
    "IsEnabled": false,
    "WorldCooldown": 4000,
    "StallCooldown": 4000,
    "BreedingChance": 30,
    "Parent First": "",
    "Parent Second": "",
    "BreedingCooldown": 6000,
    "GrowingAge": -24000
  },
  "refined_biofuel": {
    "SpawnRate": 0,
    "IsEnabled": false,
    "WorldCooldown": 4000,
    "StallCooldown": 4000,
    "BreedingChance": 30,
    "Parent First": "",
    "Parent Second": "",
    "BreedingCooldown": 6000,
    "GrowingAge": -24000
  },
  "crystalline_pink_slime": {
    "SpawnRate": 0,
    "IsEnabled": true,
    "WorldCooldown": 17000,
    "StallCooldown": 16000,
    "BreedingChance": 30,
    "Parent First": "if.pink_slime",
    "Parent Second": "pulsating_iron",
    "BreedingCooldown": 8000,
    "GrowingAge": -24000
  },
  "oil_distilled_heat_1": {
    "SpawnRate": 0,
    "IsEnabled": false,
    "WorldCooldown": 4000,
    "StallCooldown": 4000,
    "BreedingChance": 30,
    "Parent First": "",
    "Parent Second": "",
    "BreedingCooldown": 6000,
    "GrowingAge": -24000
  },
  "conductive_iron": {
    "SpawnRate": 0,
    "IsEnabled": true,
    "WorldCooldown": 17000,
    "StallCooldown": 16000,
    "BreedingChance": 30,
    "Parent First": "redstone",
    "Parent Second": "iron",
    "BreedingCooldown": 8000,
    "GrowingAge": -24000
  },
  "poison": {
    "SpawnRate": 0,
    "IsEnabled": false,
    "WorldCooldown": 4000,
    "StallCooldown": 4000,
    "BreedingChance": 30,
    "Parent First": "",
    "Parent Second": "",
    "BreedingCooldown": 6000,
    "GrowingAge": -24000
  },
  "oil_residue_heat_2": {
    "SpawnRate": 0,
    "IsEnabled": false,
    "WorldCooldown": 4000,
    "StallCooldown": 4000,
    "BreedingChance": 30,
    "Parent First": "",
    "Parent Second": "",
    "BreedingCooldown": 6000,
    "GrowingAge": -24000
  },
  "pulsating_iron": {
    "SpawnRate": 0,
    "IsEnabled": true,
    "WorldCooldown": 17000,
    "StallCooldown": 16000,
    "BreedingChance": 30,
    "Parent First": "iron",
    "Parent Second": "ender",
    "BreedingCooldown": 8000,
    "GrowingAge": -24000
  },
  "oil_distilled_heat_2": {
    "SpawnRate": 0,
    "IsEnabled": false,
    "WorldCooldown": 4000,
    "StallCooldown": 4000,
    "BreedingChance": 30,
    "Parent First": "",
    "Parent Second": "",
    "BreedingCooldown": 6000,
    "GrowingAge": -24000
  },
  "steam": {
    "SpawnRate": 0,
    "IsEnabled": false,
    "WorldCooldown": 4000,
    "StallCooldown": 4000,
    "BreedingChance": 30,
    "Parent First": "",
    "Parent Second": "",
    "BreedingCooldown": 6000,
    "GrowingAge": -24000
  },
  "brine": {
    "SpawnRate": 0,
    "IsEnabled": false,
    "WorldCooldown": 4000,
    "StallCooldown": 4000,
    "BreedingChance": 30,
    "Parent First": "",
    "Parent Second": "",
    "BreedingCooldown": 6000,
    "GrowingAge": -24000
  },
  "glowstone": {
    "SpawnRate": 0,
    "IsEnabled": false,
    "WorldCooldown": 4000,
    "StallCooldown": 4000,
    "BreedingChance": 30,
    "Parent First": "",
    "Parent Second": "",
    "BreedingCooldown": 6000,
    "GrowingAge": -24000
  },
  "petrotheum": {
    "SpawnRate": 0,
    "IsEnabled": true,
    "WorldCooldown": 17000,
    "StallCooldown": 16000,
    "BreedingChance": 30,
    "Parent First": "redstone",
    "Parent Second": "obsidian",
    "BreedingCooldown": 8000,
    "GrowingAge": -24000
  },
  "resin": {
    "SpawnRate": 0,
    "IsEnabled": false,
    "WorldCooldown": 4000,
    "StallCooldown": 4000,
    "BreedingChance": 30,
    "Parent First": "",
    "Parent Second": "",
    "BreedingCooldown": 6000,
    "GrowingAge": -24000
  },
  "glass": {
    "SpawnRate": 0,
    "IsEnabled": false,
    "WorldCooldown": 4000,
    "StallCooldown": 4000,
    "BreedingChance": 30,
    "Parent First": "",
    "Parent Second": "",
    "BreedingCooldown": 6000,
    "GrowingAge": -24000
  },
  "fuel_dense_heat_1": {
    "SpawnRate": 0,
    "IsEnabled": false,
    "WorldCooldown": 4000,
    "StallCooldown": 4000,
    "BreedingChance": 30,
    "Parent First": "",
    "Parent Second": "",
    "BreedingCooldown": 6000,
    "GrowingAge": -24000
  },
  "oil_heavy_heat_2": {
    "SpawnRate": 0,
    "IsEnabled": false,
    "WorldCooldown": 4000,
    "StallCooldown": 4000,
    "BreedingChance": 30,
    "Parent First": "",
    "Parent Second": "",
    "BreedingCooldown": 6000,
    "GrowingAge": -24000
  },
  "superium": {
    "SpawnRate": 0,
    "IsEnabled": false,
    "WorldCooldown": 4000,
    "StallCooldown": 4000,
    "BreedingChance": 30,
    "Parent First": "",
    "Parent Second": "",
    "BreedingCooldown": 6000,
    "GrowingAge": -24000
  },
  "sewage": {
    "SpawnRate": 0,
    "IsEnabled": false,
    "WorldCooldown": 4000,
    "StallCooldown": 4000,
    "BreedingChance": 30,
    "Parent First": "",
    "Parent Second": "",
    "BreedingCooldown": 6000,
    "GrowingAge": -24000
  },
  "nickel": {
    "SpawnRate": 0,
    "IsEnabled": true,
    "WorldCooldown": 16000,
    "StallCooldown": 15000,
    "BreedingChance": 30,
    "Parent First": "lead",
    "Parent Second": "silver",
    "BreedingCooldown": 7500,
    "GrowingAge": -24000
  },
  "iridium": {
    "SpawnRate": 0,
    "IsEnabled": false,
    "WorldCooldown": 4000,
    "StallCooldown": 4000,
    "BreedingChance": 30,
    "Parent First": "",
    "Parent Second": "",
    "BreedingCooldown": 6000,
    "GrowingAge": -24000
  },
  "water": {
    "SpawnRate": 0,
    "IsEnabled": true,
    "WorldCooldown": 2000,
    "StallCooldown": 0,
    "BreedingChance": 30,
    "Parent First": "",
    "Parent Second": "",
    "BreedingCooldown": 6000,
    "GrowingAge": -24000
  },
  "ender": {
    "SpawnRate": 0,
    "IsEnabled": true,
    "WorldCooldown": 17000,
    "StallCooldown": 16000,
    "BreedingChance": 30,
    "Parent First": "end_steel",
    "Parent Second": "steel",
    "BreedingCooldown": 8000,
    "GrowingAge": -24000
  },
  "refined_oil": {
    "SpawnRate": 0,
    "IsEnabled": false,
    "WorldCooldown": 4000,
    "StallCooldown": 4000,
    "BreedingChance": 30,
    "Parent First": "",
    "Parent Second": "",
    "BreedingCooldown": 6000,
    "GrowingAge": -24000
  },
  "intermedium": {
    "SpawnRate": 0,
    "IsEnabled": false,
    "WorldCooldown": 4000,
    "StallCooldown": 4000,
    "BreedingChance": 30,
    "Parent First": "",
    "Parent Second": "",
    "BreedingCooldown": 6000,
    "GrowingAge": -24000
  },
  "fuel_mixed_light": {
    "SpawnRate": 0,
    "IsEnabled": false,
    "WorldCooldown": 4000,
    "StallCooldown": 4000,
    "BreedingChance": 30,
    "Parent First": "",
    "Parent Second": "",
    "BreedingCooldown": 6000,
    "GrowingAge": -24000
  },
  "potion": {
    "SpawnRate": 0,
    "IsEnabled": false,
    "WorldCooldown": 4000,
    "StallCooldown": 4000,
    "BreedingChance": 30,
    "Parent First": "",
    "Parent Second": "",
    "BreedingCooldown": 6000,
    "GrowingAge": -24000
  },
  "meat": {
    "SpawnRate": 0,
    "IsEnabled": false,
    "WorldCooldown": 4000,
    "StallCooldown": 4000,
    "BreedingChance": 30,
    "Parent First": "",
    "Parent Second": "",
    "BreedingCooldown": 6000,
    "GrowingAge": -24000
  },
  "crystalline_alloy": {
    "SpawnRate": 0,
    "IsEnabled": true,
    "WorldCooldown": 17000,
    "StallCooldown": 16000,
    "BreedingChance": 30,
    "Parent First": "gold",
    "Parent Second": "pulsating_iron",
    "BreedingCooldown": 8000,
    "GrowingAge": -24000
  },
  "melodic_alloy": {
    "SpawnRate": 0,
    "IsEnabled": true,
    "WorldCooldown": 13000,
    "StallCooldown": 12000,
    "BreedingChance": 30,
    "Parent First": "end_steel",
    "Parent Second": "purpleslime",
    "BreedingCooldown": 6000,
    "GrowingAge": -24000
  },
  "xu_enchanted_metal": {
    "SpawnRate": 0,
    "IsEnabled": true,
    "WorldCooldown": 15000,
    "StallCooldown": 13000,
    "BreedingChance": 30,
    "Parent First": "experience",
    "Parent Second": "iron",
    "BreedingCooldown": 6500,
    "GrowingAge": -24000
  },
  "manasteel": {
    "SpawnRate": 0,
    "IsEnabled": false,
    "WorldCooldown": 4000,
    "StallCooldown": 4000,
    "BreedingChance": 30,
    "Parent First": "",
    "Parent Second": "",
    "BreedingCooldown": 6000,
    "GrowingAge": -24000
  },
  "copper": {
    "SpawnRate": 0,
    "IsEnabled": true,
    "WorldCooldown": 13000,
    "StallCooldown": 12000,
    "BreedingChance": 30,
    "Parent First": "gold",
    "Parent Second": "iron",
    "BreedingCooldown": 6000,
    "GrowingAge": -24000
  },
  "xpjuice": {
    "SpawnRate": 0,
    "IsEnabled": false,
    "WorldCooldown": 4000,
    "StallCooldown": 4000,
    "BreedingChance": 30,
    "Parent First": "",
    "Parent Second": "",
    "BreedingCooldown": 6000,
    "GrowingAge": -24000
  },
  "infinity": {
    "SpawnRate": 0,
    "IsEnabled": true,
    "WorldCooldown": 304000,
    "StallCooldown": 272000,
    "BreedingChance": 1,
    "Parent First": "stellar_alloy",
    "Parent Second": "xu_evil_metal",
    "BreedingCooldown": 136000,
    "GrowingAge": -24000
  },
  "oil": {
    "SpawnRate": 0,
    "IsEnabled": false,
    "WorldCooldown": 4000,
    "StallCooldown": 4000,
    "BreedingChance": 30,
    "Parent First": "",
    "Parent Second": "",
    "BreedingCooldown": 6000,
    "GrowingAge": -24000
  },
  "_Comment General": {
    "BreedingItemWork": "If true u can use the breeding item to get lower baby growing age",
    "ProjectETickRemove": "If true - \"Watch of Flowing Time\" not work on Cow Stall. From mod \"ProjectE\"",
    "NotEnoughtWandsTickRemove": "If true - \"Acceleration Wand\" not work on Cow Stall. From mod \"Not Enough Wand\"",
    "TorcherinoTickRemove": "If true - all types \"Torcherino\" not work on Cow Stall. From mod \"Torcherino\"",
    "DisableBreedingItemForMachines": "Disables get breeding item via machines\n",
    "randomthingsTickRemove": "If true - \"Time in a bottle\" not work on Cow Stall. From mod \"Random Things\"",
    "FluidCowsSpawnWeight": "Fluid cows spawn weight",
    "FluidCowsSpawnMin": "Fluid cows spawn min",
    "FluidCowsSpawnMax": "Fluid cows spawn max",
    "FluidCowsSpawnBlackListBiomes": "Fluid cows spawn black list biomes (modid:name)",
    "AcceleratorMaxSubstance": "Accelerator max substance per one wheat",
    "AcceleratorRadius": "Accelerator working radius",
    "AcceleratorSubstancePerCow": "Accelerator one substance per one cow",
    "AcceleratorMultiplier": "Accelerator speed up multiplier",
    "AcceleratorWaterPerConvert": "Accelerator water per one substance convert"
  },
  "General": {
    "BreedingItemWork": false,
    "ProjectETickRemove": true,
    "NotEnoughtWandsTickRemove": true,
    "TorcherinoTickRemove": true,
    "DisableBreedingItemForMachines": false,
    "randomthingsTickRemove": true,
    "FluidCowsSpawnWeight": 8,
    "FluidCowsSpawnMin": 4,
    "FluidCowsSpawnMax": 4,
    "FluidCowsSpawnBlackListBiomes": [
      "modid:name1",
      "modid:name2"
    ],
    "AcceleratorMaxSubstance": 20,
    "AcceleratorRadius": 5,
    "AcceleratorSubstancePerCow": 3,
    "AcceleratorMultiplier": 10,
    "AcceleratorWaterPerConvert": 20
  },
  "molten_reinforced_pink_slime": {
    "SpawnRate": 0,
    "IsEnabled": false,
    "WorldCooldown": 4000,
    "StallCooldown": 4000,
    "BreedingChance": 30,
    "BreedingCooldown": 6000,
    "GrowingAge": -24000,
    "Parent First": "",
    "Parent Second": ""
  },
  "liquidchorus": {
    "SpawnRate": 0,
    "IsEnabled": false,
    "WorldCooldown": 4000,
    "StallCooldown": 4000,
    "BreedingChance": 50,
    "BreedingCooldown": 6000,
    "GrowingAge": -24000,
    "Parent First": "",
    "Parent Second": ""
  },
  "menrilresin": {
    "SpawnRate": 0,
    "IsEnabled": false,
    "WorldCooldown": 4000,
    "StallCooldown": 4000,
    "BreedingChance": 50,
    "BreedingCooldown": 6000,
    "GrowingAge": -24000,
    "Parent First": "",
    "Parent Second": ""
  },
  "_Comment Client": {
    "HideFluidLayerCow": "Disable fluid render layer cow in stall"
  },
  "Client": {
    "HideFluidLayerCow": false
  },
  "amber": {
    "SpawnRate": 0,
    "IsEnabled": false,
    "WorldCooldown": 4000,
    "StallCooldown": 4000,
    "BreedingChance": 50,
    "BreedingCooldown": 6000,
    "GrowingAge": -24000,
    "Parent First": "",
    "Parent Second": ""
  },
  "crystal": {
    "SpawnRate": 0,
    "IsEnabled": false,
    "WorldCooldown": 4000,
    "StallCooldown": 4000,
    "BreedingChance": 50,
    "BreedingCooldown": 6000,
    "GrowingAge": -24000,
    "Parent First": "",
    "Parent Second": ""
  },
  "biomass": {
    "SpawnRate": 0,
    "IsEnabled": false,
    "WorldCooldown": 4000,
    "StallCooldown": 4000,
    "BreedingChance": 50,
    "BreedingCooldown": 6000,
    "GrowingAge": -24000,
    "Parent First": "",
    "Parent Second": ""
  }
}
