{
	"dependencies": "mysticalagriculture",
	"populate": {
		"prosperity_ore": {
			"enabled": "true",
			"distribution": "uniform",
			"generator": {
				"block": {
					"name": "mysticalagriculture:prosperity_ore",
				},
				"material": "minecraft:stone",
				"cluster-size": 8
			},
			"cluster-count": 4,
			"min-height": 1,
			"max-height": 255,
			"retrogen": "true",
			"biome": "all",
			"dimension": {
				"restriction": "whitelist",
				"value": [
					-7
				]
			}
		},
    "inferium_ore": {
      "enabled": "true",
      "distribution": "uniform",
      "generator": {
        "block": {
          "name": "mysticalagriculture:inferium_ore",
        },
        "material": "minecraft:stone",
        "cluster-size": 8
      },
      "cluster-count": 4,
      "min-height": 1,
      "max-height": 255,
      "retrogen": "true",
      "biome": "all",
      "dimension": {
        "restriction": "whitelist",
        "value": [
          -7
        ]
      }
    },
    "end_inferium_ore": {
      "enabled": "true",
      "distribution": "uniform",
      "generator": {
        "block": {
          "name": "mysticalagriculture:end_inferium_ore",
        },
        "material": "minecraft:end_stone",
        "cluster-size": 8
      },
      "cluster-count": 4,
      "min-height": 1,
      "max-height": 255,
      "retrogen": "true",
      "biome": "all",
      "dimension": {
        "restriction": "whitelist",
        "value": [
          -8
        ]
      }
    },
    "end_prosperity_ore": {
      "enabled": "true",
      "distribution": "uniform",
      "generator": {
        "block": {
          "name": "mysticalagriculture:end_prosperity_ore",
        },
        "material": "minecraft:end_stone",
        "cluster-size": 8
      },
      "cluster-count": 4,
      "min-height": 1,
      "max-height": 255,
      "retrogen": "true",
      "biome": "all",
      "dimension": {
        "restriction": "whitelist",
        "value": [
          -8
        ]
      }
    }
	}
}
