{
	"dependencies": "draconicevolution",
	"populate": {
		"draconium_ore": {
			"enabled": "true",
			"distribution": "uniform",
			"generator": {
				"block": {
					"name": "draconicevolution:draconium_ore"
				},
				"material": "minecraft:stone",
				"cluster-size": 8
			},
			"cluster-count": 4,
			"min-height": 1,
			"max-height": 255,
			"retrogen": "true",
			"biome": "all",
			"dimension": {
				"restriction": "whitelist",
				"value": [
					-7
				]
			}
		},
    "end_draconium_ore": {
      "enabled": "true",
      "distribution": "uniform",
      "generator": {
        "block": {
          "name": "draconicevolution:draconium_ore",
					"properties": {
						"type": "end"
					}
        },
        "material": "minecraft:end_stone",
        "cluster-size": 8
      },
      "cluster-count": 4,
      "min-height": 1,
      "max-height": 255,
      "retrogen": "true",
      "biome": "all",
      "dimension": {
        "restriction": "whitelist",
        "value": [
          -8
        ]
      }
    }
	}
}
